{"train-loss": 0.34494149684906006, "lr": 9e-05, "_timestamp": 1722400188.3113909, "_runtime": 5101.592014789581, "_step": 15018, "val-loss": 3.12823748588562, "_wandb": {"runtime": 5142}}