{"train-loss": 6.148360729217529, "lr": 0.0007086713286713288, "_timestamp": 1722644375.8984866, "_runtime": 385.2535526752472, "_step": 563, "val-loss": 10.998351097106934, "_wandb": {"runtime": 379}}