{"train-loss": 1.1333701610565186, "lr": 2e-05, "_timestamp": 1722895223.9819977, "_runtime": 9472.698137760162, "_step": 17017, "val-loss": 1.3212668895721436, "_wandb": {"runtime": 9737}}