{"train-loss": 10.998815536499023, "_timestamp": 1719792485.345702, "_runtime": 24.472548007965088, "_step": 0, "_wandb": {"runtime": 32}}