{"train-loss": 3.6955771446228027, "lr": 2e-05, "_timestamp": 1722811985.9157314, "_runtime": 4034.1901223659515, "_step": 5006, "val-loss": 3.73321533203125, "_wandb": {"runtime": 4177}}