{"train-loss": 2.1336312294006348, "lr": 9e-05, "_timestamp": 1720133331.6788242, "_runtime": 21552.480703115463, "_step": 40043, "val-loss": 2.4160916805267334, "_wandb": {"runtime": 21586}}