{"train-loss": 7.060210704803467, "_timestamp": 1719876779.3081288, "_runtime": 491.95613193511963, "_step": 278, "val-loss": 10.986355781555176, "_wandb": {"runtime": 486}}