{"train-loss": 7.858369827270508, "lr": 0.00017740405170648104, "_timestamp": 1723004765.9644835, "_runtime": 1460.5880966186523, "_step": 2734, "val-loss": 8.685495376586914, "_wandb": {"runtime": 1454}}