{"train-loss": 11.002903938293457, "lr": 1.2587412587412587e-06, "_timestamp": 1722649219.4275904, "_runtime": 55.46256947517395, "_step": 1, "val-loss": 10.998637199401855, "_wandb": {"runtime": 60}}