{"train-loss": 10.97296142578125, "_timestamp": 1723078981.9952812, "_runtime": 33.205143213272095, "_step": 1, "val-loss": 10.13638687133789, "_wandb": {"runtime": 59}}