{"train-loss": 0.0567924901843071, "lr": 9e-05, "_timestamp": 1722562257.3956187, "_runtime": 5099.197457790375, "_step": 15018, "val-loss": 2.5019283294677734, "_wandb": {"runtime": 5148}}