{"train-loss": 7.586935043334961, "_timestamp": 1719867123.3147132, "_runtime": 48.00592827796936, "_step": 132, "val-loss": 10.988917350769043, "_wandb": {"runtime": 47}}