{"train-loss": 3.326721668243408, "_timestamp": 1719794375.6962082, "_runtime": 1700.3932282924652, "_step": 12220, "val-loss": 3.374338150024414, "_wandb": {"runtime": 1697}}