{"train-loss": 6.845476150512695, "lr": 0.0001407348453273331, "_timestamp": 1723006245.9370234, "_runtime": 1398.9649374485016, "_step": 3106, "val-loss": 6.614995002746582, "_wandb": {"runtime": 1398}}