{"train-loss": 0.16316160559654236, "lr": 9e-05, "_timestamp": 1722483886.483777, "_runtime": 8515.520298957825, "_step": 29032, "val-loss": 4.7381086349487305, "_wandb": {"runtime": 8579}}