{"train-loss": 10.531316757202148, "lr": 6.293706293706294e-06, "_timestamp": 1722721029.2383368, "_runtime": 546.136617898941, "_step": 5, "val-loss": 10.90427017211914, "_wandb": {"runtime": 554}}