{"train-loss": 10.435417175292969, "lr": 0.00012839160839160838, "_timestamp": 1722645722.677084, "_runtime": 666.2312128543854, "_step": 102, "val-loss": 10.988055229187012, "_wandb": {"runtime": 667}}