{"train-loss": 3.2267684936523438, "_timestamp": 1719799648.6340263, "_runtime": 1745.2040243148804, "_step": 12015, "val-loss": 3.4896066188812256, "_wandb": {"runtime": 1749}}