{"train-loss": 10.990798950195312, "lr": 1.2587412587412587e-06, "_timestamp": 1722646559.5602114, "_runtime": 62.16286540031433, "_step": 0, "_wandb": {"runtime": 112}}