{"train-loss": 9.89480209350586, "lr": 0.0001737062937062937, "_timestamp": 1722647021.9993365, "_runtime": 274.79789638519287, "_step": 138, "val-loss": 10.991323471069336, "_wandb": {"runtime": 268}}