{"train-loss": 8.085423469543457, "lr": 7.04895104895105e-05, "_timestamp": 1722882100.665316, "_runtime": 2824.7859330177307, "_step": 252, "val-loss": 10.995922088623047, "_wandb": {"runtime": 2825}}