{"train-loss": 10.996040344238281, "lr": 2.0979020979020976e-07, "_timestamp": 1722885522.155988, "_runtime": 141.2618179321289, "_step": 0, "_wandb": {"runtime": 204}}