{"train-loss": 5.96793270111084, "lr": 5.143059878041707e-05, "_timestamp": 1723003095.8076143, "_runtime": 1911.1295442581177, "_step": 3826, "val-loss": 6.037492752075195, "_wandb": {"runtime": 1901}}