{"train-loss": 2.8762168884277344, "lr": 9e-05, "_timestamp": 1719890037.255214, "_runtime": 8147.117471933365, "_step": 14017, "val-loss": 2.649675130844116, "_wandb": {"runtime": 8196}}