{"train-loss": 2.4337453842163086, "lr": 2.7972027972027973e-07, "_timestamp": 1722821492.280164, "_runtime": 67.1468460559845, "_step": 0, "_wandb": {"runtime": 123}}