{"train-loss": 6.7358198165893555, "_timestamp": 1719881855.5769436, "_runtime": 4886.064710617065, "_step": 5136, "val-loss": 6.771919250488281, "_wandb": {"runtime": 4885}}