{"train-loss": 10.959222793579102, "lr": 2.7972027972027973e-07, "_timestamp": 1722883220.3744946, "_runtime": 720.3090884685516, "_step": 1, "val-loss": 10.992015838623047, "_wandb": {"runtime": 905}}