{"train-loss": 5.72650146484375, "_timestamp": 1723087237.3497987, "_runtime": 7884.8416566848755, "_step": 17017, "val-loss": 4.883510589599609, "_wandb": {"runtime": 7999}}