{"train-loss": 0.02867928333580494, "lr": 9e-05, "_timestamp": 1722655079.6544735, "_runtime": 4753.226434469223, "_step": 15018, "val-loss": 2.5676515102386475, "_wandb": {"runtime": 4851}}