{"train-loss": NaN, "_timestamp": 1719876004.787857, "_runtime": 8267.69038105011, "_step": 7397, "val-loss": 77.57991790771484, "_wandb": {"runtime": 8259}}