{"train-loss": 10.627115249633789, "lr": 9.314685314685314e-05, "_timestamp": 1722647882.4682257, "_runtime": 695.9575147628784, "_step": 74, "val-loss": 10.982657432556152, "_wandb": {"runtime": 699}}