{"train-loss": 3.174333095550537, "lr": 0.00010423032056949442, "_timestamp": 1722749359.882978, "_runtime": 2336.5210869312286, "_step": 2948, "val-loss": 5.067911148071289, "_wandb": {"runtime": 2335}}