{"train-loss": 0.191069096326828, "lr": 4.5e-05, "_timestamp": 1722474138.0238643, "_runtime": 4795.1680862903595, "_step": 15018, "val-loss": 3.6110646724700928, "_wandb": {"runtime": 4809}}