{"train-loss": 7.153933525085449, "lr": 0.0004909090909090909, "_timestamp": 1722386611.108807, "_runtime": 150.18362498283386, "_step": 390, "val-loss": 10.988937377929688, "_wandb": {"runtime": 149}}