{"train-loss": 10.822701454162598, "lr": 0.0003524475524475525, "_timestamp": 1722648548.3751452, "_runtime": 267.2177481651306, "_step": 280, "val-loss": 10.824904441833496, "_wandb": {"runtime": 268}}