{"train-loss": 6.373948574066162, "lr": 2.7972027972027973e-07, "_timestamp": 1723009104.3773391, "_runtime": 2807.7458250522614, "_step": 5005, "val-loss": 6.56878662109375}