{"train-loss": 10.980598449707031, "lr": 5.594405594405595e-07, "_timestamp": 1722814987.662408, "_runtime": 346.3582570552826, "_step": 2, "val-loss": 10.955451965332031, "_wandb": {"runtime": 438}}