{"train-loss": 3.0390939712524414, "_timestamp": 1719809750.223763, "_runtime": 2202.437000989914, "_step": 14017, "val-loss": 3.2656822204589844, "_wandb": {"runtime": 2211}}