{"train-loss": 10.982559204101562, "_timestamp": 1723078853.670267, "_runtime": 25.08262300491333, "_step": 0, "_wandb": {"runtime": 21}}