{"train-loss": 6.578507423400879, "lr": 0.0008542103823140776, "_timestamp": 1722387295.1443434, "_runtime": 637.2546672821045, "_step": 2137, "val-loss": 6.437571048736572, "_wandb": {"runtime": 636}}