{"train-loss": 4.225282192230225, "_timestamp": 1719797781.8749623, "_runtime": 2166.082926273346, "_step": 12055, "val-loss": 4.245809078216553, "_wandb": {"runtime": 2172}}