{"train-loss": 10.95744514465332, "lr": 2.7972027972027973e-07, "_timestamp": 1722883652.2088106, "_runtime": 106.96363568305969, "_step": 0, "_wandb": {"runtime": 173}}