{"train-loss": 5.090278625488281, "lr": 0.0008823776223776224, "_timestamp": 1722720440.4968102, "_runtime": 361.5081412792206, "_step": 701, "val-loss": 10.970162391662598, "_wandb": {"runtime": 360}}