{"train-loss": 5.359006881713867, "_timestamp": 1719805026.9248605, "_runtime": 481.42683243751526, "_step": 2633, "val-loss": 6.215814113616943}