{"train-loss": 7.189509391784668, "lr": 3.5034965034965036e-05, "_timestamp": 1722885103.4859653, "_runtime": 1330.3121571540833, "_step": 167, "val-loss": 11.00701904296875, "_wandb": {"runtime": 1328}}