{"train-loss": 2.273503541946411, "lr": 2.7972027972027973e-07, "_timestamp": 1722821678.4085596, "_runtime": 71.82564449310303, "_step": 0, "_wandb": {"runtime": 368}}