{"train-loss": 6.5341033935546875, "lr": 9e-05, "_timestamp": 1722724962.9403155, "_runtime": 3832.5969004631042, "_step": 5006, "val-loss": 6.430776119232178, "_wandb": {"runtime": 3979}}