{"train-loss": 6.681410789489746, "_timestamp": 1719795522.877269, "_runtime": 157.74005103111267, "_step": 872, "val-loss": 10.967680931091309, "_wandb": {"runtime": 156}}