{"train-loss": 1.9712119102478027, "lr": 0.0001992994535191676, "_timestamp": 1722821380.6662898, "_runtime": 6123.3222098350525, "_step": 6093, "val-loss": 2.7355153560638428, "_wandb": {"runtime": 6123}}