{"train-loss": 9.241293907165527, "_timestamp": 1719867698.9965286, "_runtime": 463.03975772857666, "_step": 22, "val-loss": 10.956924438476562, "_wandb": {"runtime": 460}}