{"train-loss": 10.979532241821289, "_timestamp": 1719792593.6345046, "_runtime": 20.998727560043335, "_step": 0, "_wandb": {"runtime": 25}}