{"train-loss": 0.05730828642845154, "lr": 9e-05, "_timestamp": 1722394075.7613323, "_runtime": 4157.503247261047, "_step": 15018, "val-loss": 2.7487285137176514, "_wandb": {"runtime": 4186}}