{"train-loss": 10.824911117553711, "lr": 0.00034965034965034965, "_timestamp": 1722649931.6686594, "_runtime": 308.8272273540497, "_step": 1, "val-loss": 10.824904441833496, "_wandb": {"runtime": 507}}